:START_ID(Bay),:END_ID(Row),:TYPE
BAY_01,BL_R1_r0,HAS_ROW
BAY_01,BL_R1_r1,HAS_ROW
BAY_01,BL_R1_r2,HAS_ROW
BAY_01,BL_R1_r3,HAS_ROW
BAY_01,BL_R2_r0,HAS_ROW
BAY_01,BL_R2_r1,HAS_ROW
BAY_01,BL_R2_r2,HAS_ROW
BAY_01,BL_R2_r3,HAS_ROW
BAY_01,BL_R2_r4,HAS_ROW
BAY_01,BL_R2_r5,HAS_ROW
BAY_01,BL_R3_r0,HAS_ROW
BAY_01,BL_R3_r1,HAS_ROW
BAY_01,BL_R3_r2,HAS_ROW
BAY_01,BL_R3_r3,HAS_ROW
BAY_01,BL_R3_r4,HAS_ROW
BAY_01,BL_R3_r5,HAS_ROW
BAY_01,BL_R3_r6,HAS_ROW
BAY_01,BL_R3_r7,HAS_ROW
BAY_01,BL_R4_r0,HAS_ROW
BAY_01,BL_R4_r1,HAS_ROW
BAY_01,BL_R4_r2,HAS_ROW
BAY_01,BL_R4_r3,HAS_ROW
BAY_01,BL_R4_r4,HAS_ROW
BAY_01,BL_R4_r5,HAS_ROW
BAY_01,BL_R4_r6,HAS_ROW
BAY_01,BL_R4_r7,HAS_ROW
BAY_01,BL_R4_r8,HAS_ROW
BAY_01,BL_R4_r9,HAS_ROW
BAY_01,SF_R1_r0,HAS_ROW
BAY_01,SF_R1_r1,HAS_ROW
BAY_01,SF_R1_r2,HAS_ROW
BAY_01,SF_R1_r3,HAS_ROW
BAY_01,SF_R2_r0,HAS_ROW
BAY_01,SF_R2_r1,HAS_ROW
BAY_01,SF_R2_r2,HAS_ROW
BAY_01,SF_R2_r3,HAS_ROW
BAY_01,SF_R2_r4,HAS_ROW
BAY_01,SF_R2_r5,HAS_ROW
BAY_01,SF_R3_r0,HAS_ROW
BAY_01,SF_R3_r1,HAS_ROW
BAY_01,SF_R3_r2,HAS_ROW
BAY_01,SF_R3_r3,HAS_ROW
BAY_01,SF_R3_r4,HAS_ROW
BAY_01,SF_R3_r5,HAS_ROW
BAY_01,SF_R3_r6,HAS_ROW
BAY_01,SF_R3_r7,HAS_ROW
BAY_01,SF_R4_r0,HAS_ROW
BAY_01,SF_R4_r1,HAS_ROW
BAY_01,SF_R4_r2,HAS_ROW
BAY_01,SF_R4_r3,HAS_ROW
BAY_01,SF_R4_r4,HAS_ROW
BAY_01,SF_R4_r5,HAS_ROW
BAY_01,SF_R4_r6,HAS_ROW
BAY_01,SF_R4_r7,HAS_ROW
BAY_01,SF_R4_r8,HAS_ROW
BAY_01,SF_R4_r9,HAS_ROW
BAY_01,EF_R1_r0,HAS_ROW
BAY_01,EF_R1_r1,HAS_ROW
BAY_01,EF_R1_r2,HAS_ROW
BAY_01,EF_R1_r3,HAS_ROW
BAY_01,EF_R2_r0,HAS_ROW
BAY_01,EF_R2_r1,HAS_ROW
BAY_01,EF_R2_r2,HAS_ROW
BAY_01,EF_R2_r3,HAS_ROW
BAY_01,EF_R2_r4,HAS_ROW
BAY_01,EF_R2_r5,HAS_ROW
BAY_01,EF_R3_r0,HAS_ROW
BAY_01,EF_R3_r1,HAS_ROW
BAY_01,EF_R3_r2,HAS_ROW
BAY_01,EF_R3_r3,HAS_ROW
BAY_01,EF_R3_r4,HAS_ROW
BAY_01,EF_R3_r5,HAS_ROW
BAY_01,EF_R3_r6,HAS_ROW
BAY_01,EF_R3_r7,HAS_ROW
BAY_01,EF_R4_r0,HAS_ROW
BAY_01,EF_R4_r1,HAS_ROW
BAY_01,EF_R4_r2,HAS_ROW
BAY_01,EF_R4_r3,HAS_ROW
BAY_01,EF_R4_r4,HAS_ROW
BAY_01,EF_R4_r5,HAS_ROW
BAY_01,EF_R4_r6,HAS_ROW
BAY_01,EF_R4_r7,HAS_ROW
BAY_01,EF_R4_r8,HAS_ROW
BAY_01,EF_R4_r9,HAS_ROW
