:START_ID(Container),:END_ID(Slot),:TYPE
BL_R2_r0_t0,BL_R2_r0_t0_slot,ASSIGNED_TO
BL_R2_r1_t0,BL_R2_r1_t0_slot,ASSIGNED_TO
BL_R2_r5_t0,BL_R2_r5_t0_slot,ASSIGNED_TO
BL_R3_r0_t0,BL_R3_r0_t0_slot,ASSIGNED_TO
BL_R3_r1_t0,BL_R3_r1_t0_slot,ASSIGNED_TO
BL_R3_r2_t0,BL_R3_r2_t0_slot,ASSIGNED_TO
BL_R3_r4_t0,BL_R3_r4_t0_slot,ASSIGNED_TO
BL_R3_r5_t0,BL_R3_r5_t0_slot,ASSIGNED_TO
BL_R3_r6_t0,BL_R3_r6_t0_slot,ASSIGNED_TO
BL_R3_r7_t0,BL_R3_r7_t0_slot,ASSIGNED_TO
BL_R4_r0_t0,BL_R4_r0_t0_slot,ASSIGNED_TO
BL_R4_r0_t1,BL_R4_r0_t1_slot,ASSIGNED_TO
BL_R4_r0_t2,BL_R4_r0_t2_slot,ASSIGNED_TO
BL_R4_r0_t3,BL_R4_r0_t3_slot,ASSIGNED_TO
BL_R4_r0_t4,BL_R4_r0_t4_slot,ASSIGNED_TO
BL_R4_r0_t5,BL_R4_r0_t5_slot,ASSIGNED_TO
BL_R4_r0_t6,BL_R4_r0_t6_slot,ASSIGNED_TO
BL_R4_r0_t7,BL_R4_r0_t7_slot,ASSIGNED_TO
BL_R4_r0_t8,BL_R4_r0_t8_slot,ASSIGNED_TO
BL_R4_r0_t9,BL_R4_r0_t9_slot,ASSIGNED_TO
BL_R4_r1_t0,BL_R4_r1_t0_slot,ASSIGNED_TO
BL_R4_r1_t1,BL_R4_r1_t1_slot,ASSIGNED_TO
BL_R4_r1_t2,BL_R4_r1_t2_slot,ASSIGNED_TO
BL_R4_r1_t3,BL_R4_r1_t3_slot,ASSIGNED_TO
BL_R4_r1_t4,BL_R4_r1_t4_slot,ASSIGNED_TO
BL_R4_r1_t5,BL_R4_r1_t5_slot,ASSIGNED_TO
BL_R4_r1_t6,BL_R4_r1_t6_slot,ASSIGNED_TO
BL_R4_r1_t7,BL_R4_r1_t7_slot,ASSIGNED_TO
BL_R4_r1_t8,BL_R4_r1_t8_slot,ASSIGNED_TO
BL_R4_r1_t9,BL_R4_r1_t9_slot,ASSIGNED_TO
BL_R4_r2_t0,BL_R4_r2_t0_slot,ASSIGNED_TO
BL_R4_r2_t1,BL_R4_r2_t1_slot,ASSIGNED_TO
BL_R4_r2_t2,BL_R4_r2_t2_slot,ASSIGNED_TO
BL_R4_r2_t3,BL_R4_r2_t3_slot,ASSIGNED_TO
BL_R4_r2_t4,BL_R4_r2_t4_slot,ASSIGNED_TO
BL_R4_r2_t5,BL_R4_r2_t5_slot,ASSIGNED_TO
BL_R4_r2_t6,BL_R4_r2_t6_slot,ASSIGNED_TO
BL_R4_r2_t7,BL_R4_r2_t7_slot,ASSIGNED_TO
BL_R4_r2_t8,BL_R4_r2_t8_slot,ASSIGNED_TO
BL_R4_r2_t9,BL_R4_r2_t9_slot,ASSIGNED_TO
BL_R4_r3_t0,BL_R4_r3_t0_slot,ASSIGNED_TO
BL_R4_r3_t1,BL_R4_r3_t1_slot,ASSIGNED_TO
BL_R4_r3_t2,BL_R4_r3_t2_slot,ASSIGNED_TO
BL_R4_r3_t3,BL_R4_r3_t3_slot,ASSIGNED_TO
BL_R4_r3_t4,BL_R4_r3_t4_slot,ASSIGNED_TO
BL_R4_r3_t5,BL_R4_r3_t5_slot,ASSIGNED_TO
BL_R4_r3_t6,BL_R4_r3_t6_slot,ASSIGNED_TO
BL_R4_r3_t7,BL_R4_r3_t7_slot,ASSIGNED_TO
BL_R4_r3_t8,BL_R4_r3_t8_slot,ASSIGNED_TO
BL_R4_r3_t9,BL_R4_r3_t9_slot,ASSIGNED_TO
BL_R4_r4_t0,BL_R4_r4_t0_slot,ASSIGNED_TO
BL_R4_r4_t1,BL_R4_r4_t1_slot,ASSIGNED_TO
BL_R4_r4_t2,BL_R4_r4_t2_slot,ASSIGNED_TO
BL_R4_r4_t3,BL_R4_r4_t3_slot,ASSIGNED_TO
BL_R4_r4_t4,BL_R4_r4_t4_slot,ASSIGNED_TO
BL_R4_r4_t5,BL_R4_r4_t5_slot,ASSIGNED_TO
BL_R4_r4_t6,BL_R4_r4_t6_slot,ASSIGNED_TO
BL_R4_r4_t7,BL_R4_r4_t7_slot,ASSIGNED_TO
BL_R4_r4_t8,BL_R4_r4_t8_slot,ASSIGNED_TO
BL_R4_r4_t9,BL_R4_r4_t9_slot,ASSIGNED_TO
BL_R4_r5_t0,BL_R4_r5_t0_slot,ASSIGNED_TO
BL_R4_r5_t1,BL_R4_r5_t1_slot,ASSIGNED_TO
BL_R4_r5_t2,BL_R4_r5_t2_slot,ASSIGNED_TO
BL_R4_r5_t3,BL_R4_r5_t3_slot,ASSIGNED_TO
BL_R4_r5_t4,BL_R4_r5_t4_slot,ASSIGNED_TO
BL_R4_r5_t5,BL_R4_r5_t5_slot,ASSIGNED_TO
BL_R4_r5_t6,BL_R4_r5_t6_slot,ASSIGNED_TO
BL_R4_r5_t7,BL_R4_r5_t7_slot,ASSIGNED_TO
BL_R4_r5_t8,BL_R4_r5_t8_slot,ASSIGNED_TO
BL_R4_r5_t9,BL_R4_r5_t9_slot,ASSIGNED_TO
BL_R4_r6_t0,BL_R4_r6_t0_slot,ASSIGNED_TO
BL_R4_r6_t1,BL_R4_r6_t1_slot,ASSIGNED_TO
BL_R4_r6_t2,BL_R4_r6_t2_slot,ASSIGNED_TO
BL_R4_r6_t3,BL_R4_r6_t3_slot,ASSIGNED_TO
BL_R4_r6_t4,BL_R4_r6_t4_slot,ASSIGNED_TO
BL_R4_r6_t5,BL_R4_r6_t5_slot,ASSIGNED_TO
BL_R4_r6_t6,BL_R4_r6_t6_slot,ASSIGNED_TO
BL_R4_r6_t7,BL_R4_r6_t7_slot,ASSIGNED_TO
BL_R4_r6_t8,BL_R4_r6_t8_slot,ASSIGNED_TO
BL_R4_r6_t9,BL_R4_r6_t9_slot,ASSIGNED_TO
BL_R4_r7_t0,BL_R4_r7_t0_slot,ASSIGNED_TO
BL_R4_r7_t1,BL_R4_r7_t1_slot,ASSIGNED_TO
BL_R4_r7_t2,BL_R4_r7_t2_slot,ASSIGNED_TO
BL_R4_r7_t3,BL_R4_r7_t3_slot,ASSIGNED_TO
BL_R4_r7_t4,BL_R4_r7_t4_slot,ASSIGNED_TO
BL_R4_r7_t5,BL_R4_r7_t5_slot,ASSIGNED_TO
BL_R4_r7_t6,BL_R4_r7_t6_slot,ASSIGNED_TO
BL_R4_r7_t7,BL_R4_r7_t7_slot,ASSIGNED_TO
BL_R4_r7_t8,BL_R4_r7_t8_slot,ASSIGNED_TO
BL_R4_r7_t9,BL_R4_r7_t9_slot,ASSIGNED_TO
BL_R4_r8_t0,BL_R4_r8_t0_slot,ASSIGNED_TO
BL_R4_r8_t1,BL_R4_r8_t1_slot,ASSIGNED_TO
BL_R4_r8_t2,BL_R4_r8_t2_slot,ASSIGNED_TO
BL_R4_r8_t3,BL_R4_r8_t3_slot,ASSIGNED_TO
BL_R4_r8_t4,BL_R4_r8_t4_slot,ASSIGNED_TO
BL_R4_r8_t5,BL_R4_r8_t5_slot,ASSIGNED_TO
BL_R4_r8_t6,BL_R4_r8_t6_slot,ASSIGNED_TO
BL_R4_r8_t7,BL_R4_r8_t7_slot,ASSIGNED_TO
BL_R4_r8_t8,BL_R4_r8_t8_slot,ASSIGNED_TO
BL_R4_r8_t9,BL_R4_r8_t9_slot,ASSIGNED_TO
BL_R4_r9_t0,BL_R4_r9_t0_slot,ASSIGNED_TO
BL_R4_r9_t1,BL_R4_r9_t1_slot,ASSIGNED_TO
BL_R4_r9_t2,BL_R4_r9_t2_slot,ASSIGNED_TO
BL_R4_r9_t3,BL_R4_r9_t3_slot,ASSIGNED_TO
BL_R4_r9_t4,BL_R4_r9_t4_slot,ASSIGNED_TO
BL_R4_r9_t5,BL_R4_r9_t5_slot,ASSIGNED_TO
BL_R4_r9_t6,BL_R4_r9_t6_slot,ASSIGNED_TO
BL_R4_r9_t7,BL_R4_r9_t7_slot,ASSIGNED_TO
BL_R4_r9_t8,BL_R4_r9_t8_slot,ASSIGNED_TO
BL_R4_r9_t9,BL_R4_r9_t9_slot,ASSIGNED_TO
SF_R2_r0_t0,SF_R2_r0_t0_slot,ASSIGNED_TO
SF_R2_r1_t0,SF_R2_r1_t0_slot,ASSIGNED_TO
SF_R2_r2_t0,SF_R2_r2_t0_slot,ASSIGNED_TO
SF_R2_r3_t0,SF_R2_r3_t0_slot,ASSIGNED_TO
SF_R2_r4_t0,SF_R2_r4_t0_slot,ASSIGNED_TO
SF_R2_r5_t0,SF_R2_r5_t0_slot,ASSIGNED_TO
SF_R3_r0_t0,SF_R3_r0_t0_slot,ASSIGNED_TO
SF_R3_r1_t0,SF_R3_r1_t0_slot,ASSIGNED_TO
SF_R3_r2_t0,SF_R3_r2_t0_slot,ASSIGNED_TO
SF_R3_r3_t0,SF_R3_r3_t0_slot,ASSIGNED_TO
SF_R3_r4_t0,SF_R3_r4_t0_slot,ASSIGNED_TO
SF_R3_r5_t0,SF_R3_r5_t0_slot,ASSIGNED_TO
SF_R3_r6_t0,SF_R3_r6_t0_slot,ASSIGNED_TO
SF_R3_r7_t0,SF_R3_r7_t0_slot,ASSIGNED_TO
SF_R4_r0_t0,SF_R4_r0_t0_slot,ASSIGNED_TO
SF_R4_r0_t1,SF_R4_r0_t1_slot,ASSIGNED_TO
SF_R4_r0_t2,SF_R4_r0_t2_slot,ASSIGNED_TO
SF_R4_r0_t3,SF_R4_r0_t3_slot,ASSIGNED_TO
SF_R4_r0_t4,SF_R4_r0_t4_slot,ASSIGNED_TO
SF_R4_r0_t5,SF_R4_r0_t5_slot,ASSIGNED_TO
SF_R4_r0_t6,SF_R4_r0_t6_slot,ASSIGNED_TO
SF_R4_r0_t7,SF_R4_r0_t7_slot,ASSIGNED_TO
SF_R4_r0_t8,SF_R4_r0_t8_slot,ASSIGNED_TO
SF_R4_r0_t9,SF_R4_r0_t9_slot,ASSIGNED_TO
SF_R4_r1_t0,SF_R4_r1_t0_slot,ASSIGNED_TO
SF_R4_r1_t1,SF_R4_r1_t1_slot,ASSIGNED_TO
SF_R4_r1_t2,SF_R4_r1_t2_slot,ASSIGNED_TO
SF_R4_r1_t3,SF_R4_r1_t3_slot,ASSIGNED_TO
SF_R4_r1_t4,SF_R4_r1_t4_slot,ASSIGNED_TO
SF_R4_r1_t5,SF_R4_r1_t5_slot,ASSIGNED_TO
SF_R4_r1_t6,SF_R4_r1_t6_slot,ASSIGNED_TO
SF_R4_r1_t7,SF_R4_r1_t7_slot,ASSIGNED_TO
SF_R4_r1_t8,SF_R4_r1_t8_slot,ASSIGNED_TO
SF_R4_r1_t9,SF_R4_r1_t9_slot,ASSIGNED_TO
SF_R4_r2_t0,SF_R4_r2_t0_slot,ASSIGNED_TO
SF_R4_r2_t1,SF_R4_r2_t1_slot,ASSIGNED_TO
SF_R4_r2_t2,SF_R4_r2_t2_slot,ASSIGNED_TO
SF_R4_r2_t3,SF_R4_r2_t3_slot,ASSIGNED_TO
SF_R4_r2_t4,SF_R4_r2_t4_slot,ASSIGNED_TO
SF_R4_r2_t5,SF_R4_r2_t5_slot,ASSIGNED_TO
SF_R4_r2_t6,SF_R4_r2_t6_slot,ASSIGNED_TO
SF_R4_r2_t7,SF_R4_r2_t7_slot,ASSIGNED_TO
SF_R4_r2_t8,SF_R4_r2_t8_slot,ASSIGNED_TO
SF_R4_r2_t9,SF_R4_r2_t9_slot,ASSIGNED_TO
SF_R4_r3_t0,SF_R4_r3_t0_slot,ASSIGNED_TO
SF_R4_r3_t1,SF_R4_r3_t1_slot,ASSIGNED_TO
SF_R4_r3_t2,SF_R4_r3_t2_slot,ASSIGNED_TO
SF_R4_r3_t3,SF_R4_r3_t3_slot,ASSIGNED_TO
SF_R4_r3_t4,SF_R4_r3_t4_slot,ASSIGNED_TO
SF_R4_r3_t5,SF_R4_r3_t5_slot,ASSIGNED_TO
SF_R4_r3_t6,SF_R4_r3_t6_slot,ASSIGNED_TO
SF_R4_r3_t7,SF_R4_r3_t7_slot,ASSIGNED_TO
SF_R4_r3_t8,SF_R4_r3_t8_slot,ASSIGNED_TO
SF_R4_r3_t9,SF_R4_r3_t9_slot,ASSIGNED_TO
SF_R4_r4_t0,SF_R4_r4_t0_slot,ASSIGNED_TO
SF_R4_r4_t1,SF_R4_r4_t1_slot,ASSIGNED_TO
SF_R4_r4_t2,SF_R4_r4_t2_slot,ASSIGNED_TO
SF_R4_r4_t3,SF_R4_r4_t3_slot,ASSIGNED_TO
SF_R4_r4_t4,SF_R4_r4_t4_slot,ASSIGNED_TO
SF_R4_r4_t5,SF_R4_r4_t5_slot,ASSIGNED_TO
SF_R4_r4_t6,SF_R4_r4_t6_slot,ASSIGNED_TO
SF_R4_r4_t7,SF_R4_r4_t7_slot,ASSIGNED_TO
SF_R4_r4_t8,SF_R4_r4_t8_slot,ASSIGNED_TO
SF_R4_r4_t9,SF_R4_r4_t9_slot,ASSIGNED_TO
SF_R4_r5_t0,SF_R4_r5_t0_slot,ASSIGNED_TO
SF_R4_r5_t1,SF_R4_r5_t1_slot,ASSIGNED_TO
SF_R4_r5_t2,SF_R4_r5_t2_slot,ASSIGNED_TO
SF_R4_r5_t3,SF_R4_r5_t3_slot,ASSIGNED_TO
SF_R4_r5_t4,SF_R4_r5_t4_slot,ASSIGNED_TO
SF_R4_r5_t5,SF_R4_r5_t5_slot,ASSIGNED_TO
SF_R4_r5_t6,SF_R4_r5_t6_slot,ASSIGNED_TO
SF_R4_r5_t7,SF_R4_r5_t7_slot,ASSIGNED_TO
SF_R4_r5_t8,SF_R4_r5_t8_slot,ASSIGNED_TO
SF_R4_r5_t9,SF_R4_r5_t9_slot,ASSIGNED_TO
SF_R4_r6_t0,SF_R4_r6_t0_slot,ASSIGNED_TO
SF_R4_r6_t1,SF_R4_r6_t1_slot,ASSIGNED_TO
SF_R4_r6_t2,SF_R4_r6_t2_slot,ASSIGNED_TO
SF_R4_r6_t3,SF_R4_r6_t3_slot,ASSIGNED_TO
SF_R4_r6_t4,SF_R4_r6_t4_slot,ASSIGNED_TO
SF_R4_r6_t5,SF_R4_r6_t5_slot,ASSIGNED_TO
SF_R4_r6_t6,SF_R4_r6_t6_slot,ASSIGNED_TO
SF_R4_r6_t7,SF_R4_r6_t7_slot,ASSIGNED_TO
SF_R4_r6_t8,SF_R4_r6_t8_slot,ASSIGNED_TO
SF_R4_r6_t9,SF_R4_r6_t9_slot,ASSIGNED_TO
SF_R4_r7_t0,SF_R4_r7_t0_slot,ASSIGNED_TO
SF_R4_r7_t1,SF_R4_r7_t1_slot,ASSIGNED_TO
SF_R4_r7_t2,SF_R4_r7_t2_slot,ASSIGNED_TO
SF_R4_r7_t3,SF_R4_r7_t3_slot,ASSIGNED_TO
SF_R4_r7_t4,SF_R4_r7_t4_slot,ASSIGNED_TO
SF_R4_r7_t5,SF_R4_r7_t5_slot,ASSIGNED_TO
SF_R4_r7_t6,SF_R4_r7_t6_slot,ASSIGNED_TO
SF_R4_r7_t7,SF_R4_r7_t7_slot,ASSIGNED_TO
SF_R4_r7_t8,SF_R4_r7_t8_slot,ASSIGNED_TO
SF_R4_r7_t9,SF_R4_r7_t9_slot,ASSIGNED_TO
SF_R4_r8_t0,SF_R4_r8_t0_slot,ASSIGNED_TO
SF_R4_r8_t1,SF_R4_r8_t1_slot,ASSIGNED_TO
SF_R4_r8_t2,SF_R4_r8_t2_slot,ASSIGNED_TO
SF_R4_r8_t3,SF_R4_r8_t3_slot,ASSIGNED_TO
SF_R4_r8_t4,SF_R4_r8_t4_slot,ASSIGNED_TO
SF_R4_r8_t5,SF_R4_r8_t5_slot,ASSIGNED_TO
SF_R4_r8_t6,SF_R4_r8_t6_slot,ASSIGNED_TO
SF_R4_r8_t7,SF_R4_r8_t7_slot,ASSIGNED_TO
SF_R4_r8_t8,SF_R4_r8_t8_slot,ASSIGNED_TO
SF_R4_r8_t9,SF_R4_r8_t9_slot,ASSIGNED_TO
SF_R4_r9_t0,SF_R4_r9_t0_slot,ASSIGNED_TO
SF_R4_r9_t1,SF_R4_r9_t1_slot,ASSIGNED_TO
SF_R4_r9_t2,SF_R4_r9_t2_slot,ASSIGNED_TO
SF_R4_r9_t3,SF_R4_r9_t3_slot,ASSIGNED_TO
SF_R4_r9_t4,SF_R4_r9_t4_slot,ASSIGNED_TO
SF_R4_r9_t5,SF_R4_r9_t5_slot,ASSIGNED_TO
SF_R4_r9_t6,SF_R4_r9_t6_slot,ASSIGNED_TO
SF_R4_r9_t7,SF_R4_r9_t7_slot,ASSIGNED_TO
SF_R4_r9_t8,SF_R4_r9_t8_slot,ASSIGNED_TO
SF_R4_r9_t9,SF_R4_r9_t9_slot,ASSIGNED_TO
EF_R2_r0_t0,EF_R2_r0_t0_slot,ASSIGNED_TO
EF_R2_r1_t0,EF_R2_r1_t0_slot,ASSIGNED_TO
EF_R2_r2_t0,EF_R2_r2_t0_slot,ASSIGNED_TO
EF_R2_r3_t0,EF_R2_r3_t0_slot,ASSIGNED_TO
EF_R2_r4_t0,EF_R2_r4_t0_slot,ASSIGNED_TO
EF_R3_r0_t0,EF_R3_r0_t0_slot,ASSIGNED_TO
EF_R3_r1_t0,EF_R3_r1_t0_slot,ASSIGNED_TO
EF_R3_r1_t1,EF_R3_r1_t1_slot,ASSIGNED_TO
EF_R3_r2_t0,EF_R3_r2_t0_slot,ASSIGNED_TO
EF_R3_r3_t0,EF_R3_r3_t0_slot,ASSIGNED_TO
EF_R3_r4_t0,EF_R3_r4_t0_slot,ASSIGNED_TO
EF_R3_r5_t0,EF_R3_r5_t0_slot,ASSIGNED_TO
EF_R3_r6_t0,EF_R3_r6_t0_slot,ASSIGNED_TO
EF_R3_r7_t0,EF_R3_r7_t0_slot,ASSIGNED_TO
EF_R4_r0_t0,EF_R4_r0_t0_slot,ASSIGNED_TO
EF_R4_r0_t1,EF_R4_r0_t1_slot,ASSIGNED_TO
EF_R4_r0_t2,EF_R4_r0_t2_slot,ASSIGNED_TO
EF_R4_r0_t3,EF_R4_r0_t3_slot,ASSIGNED_TO
EF_R4_r0_t4,EF_R4_r0_t4_slot,ASSIGNED_TO
EF_R4_r0_t5,EF_R4_r0_t5_slot,ASSIGNED_TO
EF_R4_r0_t6,EF_R4_r0_t6_slot,ASSIGNED_TO
EF_R4_r0_t7,EF_R4_r0_t7_slot,ASSIGNED_TO
EF_R4_r0_t8,EF_R4_r0_t8_slot,ASSIGNED_TO
EF_R4_r0_t9,EF_R4_r0_t9_slot,ASSIGNED_TO
EF_R4_r1_t0,EF_R4_r1_t0_slot,ASSIGNED_TO
EF_R4_r1_t1,EF_R4_r1_t1_slot,ASSIGNED_TO
EF_R4_r1_t2,EF_R4_r1_t2_slot,ASSIGNED_TO
EF_R4_r1_t3,EF_R4_r1_t3_slot,ASSIGNED_TO
EF_R4_r1_t4,EF_R4_r1_t4_slot,ASSIGNED_TO
EF_R4_r1_t5,EF_R4_r1_t5_slot,ASSIGNED_TO
EF_R4_r1_t6,EF_R4_r1_t6_slot,ASSIGNED_TO
EF_R4_r1_t7,EF_R4_r1_t7_slot,ASSIGNED_TO
EF_R4_r1_t8,EF_R4_r1_t8_slot,ASSIGNED_TO
EF_R4_r1_t9,EF_R4_r1_t9_slot,ASSIGNED_TO
EF_R4_r2_t0,EF_R4_r2_t0_slot,ASSIGNED_TO
EF_R4_r2_t1,EF_R4_r2_t1_slot,ASSIGNED_TO
EF_R4_r2_t2,EF_R4_r2_t2_slot,ASSIGNED_TO
EF_R4_r2_t3,EF_R4_r2_t3_slot,ASSIGNED_TO
EF_R4_r2_t4,EF_R4_r2_t4_slot,ASSIGNED_TO
EF_R4_r2_t5,EF_R4_r2_t5_slot,ASSIGNED_TO
EF_R4_r2_t6,EF_R4_r2_t6_slot,ASSIGNED_TO
EF_R4_r2_t7,EF_R4_r2_t7_slot,ASSIGNED_TO
EF_R4_r2_t8,EF_R4_r2_t8_slot,ASSIGNED_TO
EF_R4_r3_t0,EF_R4_r3_t0_slot,ASSIGNED_TO
EF_R4_r3_t1,EF_R4_r3_t1_slot,ASSIGNED_TO
EF_R4_r3_t2,EF_R4_r3_t2_slot,ASSIGNED_TO
EF_R4_r3_t3,EF_R4_r3_t3_slot,ASSIGNED_TO
EF_R4_r3_t4,EF_R4_r3_t4_slot,ASSIGNED_TO
EF_R4_r3_t5,EF_R4_r3_t5_slot,ASSIGNED_TO
EF_R4_r3_t6,EF_R4_r3_t6_slot,ASSIGNED_TO
EF_R4_r3_t7,EF_R4_r3_t7_slot,ASSIGNED_TO
EF_R4_r3_t8,EF_R4_r3_t8_slot,ASSIGNED_TO
EF_R4_r3_t9,EF_R4_r3_t9_slot,ASSIGNED_TO
EF_R4_r4_t0,EF_R4_r4_t0_slot,ASSIGNED_TO
EF_R4_r4_t1,EF_R4_r4_t1_slot,ASSIGNED_TO
EF_R4_r4_t2,EF_R4_r4_t2_slot,ASSIGNED_TO
EF_R4_r4_t3,EF_R4_r4_t3_slot,ASSIGNED_TO
EF_R4_r4_t4,EF_R4_r4_t4_slot,ASSIGNED_TO
EF_R4_r4_t5,EF_R4_r4_t5_slot,ASSIGNED_TO
EF_R4_r4_t6,EF_R4_r4_t6_slot,ASSIGNED_TO
EF_R4_r4_t7,EF_R4_r4_t7_slot,ASSIGNED_TO
EF_R4_r4_t8,EF_R4_r4_t8_slot,ASSIGNED_TO
EF_R4_r4_t9,EF_R4_r4_t9_slot,ASSIGNED_TO
EF_R4_r5_t0,EF_R4_r5_t0_slot,ASSIGNED_TO
EF_R4_r5_t1,EF_R4_r5_t1_slot,ASSIGNED_TO
EF_R4_r5_t2,EF_R4_r5_t2_slot,ASSIGNED_TO
EF_R4_r5_t3,EF_R4_r5_t3_slot,ASSIGNED_TO
EF_R4_r5_t4,EF_R4_r5_t4_slot,ASSIGNED_TO
EF_R4_r5_t5,EF_R4_r5_t5_slot,ASSIGNED_TO
EF_R4_r5_t6,EF_R4_r5_t6_slot,ASSIGNED_TO
EF_R4_r5_t7,EF_R4_r5_t7_slot,ASSIGNED_TO
EF_R4_r5_t8,EF_R4_r5_t8_slot,ASSIGNED_TO
EF_R4_r5_t9,EF_R4_r5_t9_slot,ASSIGNED_TO
EF_R4_r6_t0,EF_R4_r6_t0_slot,ASSIGNED_TO
EF_R4_r6_t1,EF_R4_r6_t1_slot,ASSIGNED_TO
EF_R4_r6_t2,EF_R4_r6_t2_slot,ASSIGNED_TO
EF_R4_r6_t3,EF_R4_r6_t3_slot,ASSIGNED_TO
EF_R4_r6_t4,EF_R4_r6_t4_slot,ASSIGNED_TO
EF_R4_r6_t5,EF_R4_r6_t5_slot,ASSIGNED_TO
EF_R4_r6_t6,EF_R4_r6_t6_slot,ASSIGNED_TO
EF_R4_r6_t7,EF_R4_r6_t7_slot,ASSIGNED_TO
EF_R4_r6_t8,EF_R4_r6_t8_slot,ASSIGNED_TO
EF_R4_r6_t9,EF_R4_r6_t9_slot,ASSIGNED_TO
EF_R4_r7_t0,EF_R4_r7_t0_slot,ASSIGNED_TO
EF_R4_r7_t1,EF_R4_r7_t1_slot,ASSIGNED_TO
EF_R4_r7_t2,EF_R4_r7_t2_slot,ASSIGNED_TO
EF_R4_r7_t3,EF_R4_r7_t3_slot,ASSIGNED_TO
EF_R4_r7_t4,EF_R4_r7_t4_slot,ASSIGNED_TO
EF_R4_r7_t5,EF_R4_r7_t5_slot,ASSIGNED_TO
EF_R4_r7_t6,EF_R4_r7_t6_slot,ASSIGNED_TO
EF_R4_r7_t7,EF_R4_r7_t7_slot,ASSIGNED_TO
EF_R4_r7_t8,EF_R4_r7_t8_slot,ASSIGNED_TO
EF_R4_r7_t9,EF_R4_r7_t9_slot,ASSIGNED_TO
EF_R4_r8_t0,EF_R4_r8_t0_slot,ASSIGNED_TO
EF_R4_r8_t1,EF_R4_r8_t1_slot,ASSIGNED_TO
EF_R4_r8_t2,EF_R4_r8_t2_slot,ASSIGNED_TO
EF_R4_r8_t3,EF_R4_r8_t3_slot,ASSIGNED_TO
EF_R4_r8_t4,EF_R4_r8_t4_slot,ASSIGNED_TO
EF_R4_r8_t5,EF_R4_r8_t5_slot,ASSIGNED_TO
EF_R4_r8_t6,EF_R4_r8_t6_slot,ASSIGNED_TO
EF_R4_r8_t7,EF_R4_r8_t7_slot,ASSIGNED_TO
EF_R4_r8_t8,EF_R4_r8_t8_slot,ASSIGNED_TO
EF_R4_r8_t9,EF_R4_r8_t9_slot,ASSIGNED_TO
EF_R4_r9_t0,EF_R4_r9_t0_slot,ASSIGNED_TO
EF_R4_r9_t1,EF_R4_r9_t1_slot,ASSIGNED_TO
EF_R4_r9_t2,EF_R4_r9_t2_slot,ASSIGNED_TO
EF_R4_r9_t3,EF_R4_r9_t3_slot,ASSIGNED_TO
EF_R4_r9_t4,EF_R4_r9_t4_slot,ASSIGNED_TO
EF_R4_r9_t5,EF_R4_r9_t5_slot,ASSIGNED_TO
EF_R4_r9_t6,EF_R4_r9_t6_slot,ASSIGNED_TO
EF_R4_r9_t7,EF_R4_r9_t7_slot,ASSIGNED_TO
EF_R4_r9_t8,EF_R4_r9_t8_slot,ASSIGNED_TO
EF_R4_r9_t9,EF_R4_r9_t9_slot,ASSIGNED_TO
